Name,Logo
American Solera (Tulsa),https://drive.google.com/file/d/1orCbQmUQKjcxE0mqdHib4E4Pfr0eVAtS/view?usp=share_link
American Solera (Edmond),https://drive.google.com/file/d/1orCbQmUQKjcxE0mqdHib4E4Pfr0eVAtS/view?usp=share_link
Angry Scotsman Brewing,https://drive.google.com/file/d/1L4kXfvFsEukZEo2RGwBq2TWfSSDX-lxa/view?usp=share_link
Anthem Brewing,https://drive.google.com/file/d/13tljBCxozlfBsrw4_bbB_OaT9jpPplXu/view?usp=share_link
Battered Boar Brewing,https://drive.google.com/file/d/1_IMrr_l-UKsMzexU765PsdPXDYjURc1d/view?usp=share_link
Beavers Bend Brewery,https://drive.google.com/file/d/1TGL_HqdVlHCMgNDHZ0A1n2651oJOtaJz/view?usp=share_link
Beer Is Good Brewing,https://drive.google.com/file/d/1qgaqiRSOhtNYJ25tDWjqfS2RF5s5uMsp/view?usp=share_link
Belle Isle Brewing,https://drive.google.com/file/d/1COzMLldRsMzKHRUrJmVsO95UihL23ip8/view?usp=share_link
Bierkraft,https://drive.google.com/file/d/1XD4SaI2mbmyiynnlSMZGR8M4J54QCNs7/view?usp=share_link
Broke Brewing,https://drive.google.com/file/d/181qj1GzmISDx--MHEa4NxlpmvohtU771/view?usp=share_link
Broken Arrow Brewing,https://drive.google.com/file/d/1uR1CJ_qtC1uixJ2Vvcwg70Qj4QiRxFBi/view?usp=share_link
Cabin Boys (Claremore),https://drive.google.com/file/d/1SUwc67D0uAJ7UMEgDAzCSv04FhcpjEi-/view?usp=share_link
Cabin Boys (Tulsa),https://drive.google.com/file/d/1SUwc67D0uAJ7UMEgDAzCSv04FhcpjEi-/view?usp=share_link
Coop Ale Works,https://drive.google.com/file/d/1mVrADLw5077cdPQB_GvaNMbu2jq8xQuO/view?usp=share_link
Cooper & Mill Brewing,https://drive.google.com/file/d/1jajdTZAWpHxck1exM3BzSa38-00NKK31/view?usp=share_link
Core4 Brewing,https://drive.google.com/file/d/1YGxkTp7I2P3DZiTBFC0HL9I9Hicl27Sg/view?usp=share_link
Dead Armadillo Brewery,https://drive.google.com/file/d/1mTJADXcK9p6jl2LB8K1xCyuhgBomSpPb/view?usp=share_link
Eerie Abbey Ales,https://drive.google.com/file/d/1jMUkO0cDxJVHp1KSyNuBHqsbpC1DxIkZ/view?usp=share_link
Elgin Park Brewery,https://drive.google.com/file/d/1ps4olsak2ELh98GzwSLMXRj4RbKCzVJ0/view?usp=share_link
Enid Brewing & Eatery,https://drive.google.com/file/d/1U56s4NgEvNB0z8QFiIFWZQhHNu43FT9E/view?usp=share_link
Fair-Weather Friend,https://drive.google.com/file/d/1Ckrk4hZumZKMa9Jv3TxlSfRWdHKvz6iR/view?usp=share_link
Fat Toad Brewing,https://drive.google.com/file/d/1i6cl7fXihqEUOtZM8u-_M91xfCVR2J5y/view?usp=share_link
Flix Brewhouse,https://drive.google.com/file/d/1cSOG8qGbTtlW0UmXNvyGvUtF95dqQ4Es/view?usp=share_link
Frenzy Brewing,https://drive.google.com/file/d/1Lh2DRuaPXEnNWC8jTNyN8VuHypdSWrDn/view?usp=share_link
Harbinger Beer,https://drive.google.com/file/d/1mlZ4SpiNWoCafoz2TdS3I8FhP9YrRJNV/view?usp=share_link
Heirloom Rustic Ales,https://drive.google.com/file/d/1FNt0wIZJo92xOCutKsRyUGLs9wvR5d5v/view?usp=share_link
High Gravity Brewing,https://drive.google.com/file/d/1I-3ogQ0B_fsHKtKuz1kMdGlw7APQ-cKX/view?usp=share_link
Hop the Griffin,https://drive.google.com/file/d/1QOyBSvirAeLNoiqMbCjD1l0LkW7bk9_X/view?usp=share_link
Iron Monk Brewing,https://drive.google.com/file/d/1Ebaa6yzRuMVGaMkGdkl6O6ulnkipKaQH/view?usp=share_link
Kochendorfer Brewing,https://drive.google.com/file/d/12K-q082fLFlUYURN1MNp0B3T5rNfW1ZT/view?usp=share_link
Lazy Circles Brewing,https://drive.google.com/file/d/1IP4qvOlOwQ4HDQLp0XhzXCHyxvbkIvtJ/view?usp=share_link
Legally Brewed,https://drive.google.com/file/d/1CnC3pMTf5G8OT1NurWhJyACl6OZjTmo8/view?usp=share_link
Lively Beerworks,https://drive.google.com/file/d/1i6oQq1qLf7_mhhniwcvIYGbvzi6XbSDT/view?usp=share_link
Lost Street Brewing,https://drive.google.com/file/d/1DKTowmXloV9tEZt7D8QbEIwWEz1ScAkr/view?usp=share_link
Madhopper Brewing,https://drive.google.com/file/d/1GYy_cZ8QGqk0g_7jCzf6_WZFmad98qB-/view?usp=share_link
Marshall Brewing,https://drive.google.com/file/d/1YubxUW7-dGCIF4Oa9Gb1oA70etgXiJvn/view?usp=share_link
Mountain Fork Brewery,https://drive.google.com/file/d/1VySKmVTpN-EOvcSMiUrYFq6WO9NUtHBs/view?usp=share_link
Muskogee Brewing,https://drive.google.com/file/d/1dPinDD_9s21Idc2hvDiWNdlsv9l9iCpB/view?usp=share_link
NEFF Brewing,https://drive.google.com/file/d/1Y038AVienYBgeCo1zFHsVyUFmMzaBteQ/view?usp=share_link
Nothing's Left Brewing,https://drive.google.com/file/d/1AQ6kG_7A1ysmOqUHciKJ7lwD7bJ9zWGq/view?usp=share_link
OK Cider Co.,https://drive.google.com/file/d/1U_sQNh_pleT_eQni-_Osm9viPSbhJKGq/view?usp=share_link
Pearl Beach Brew Pub (OKC),https://drive.google.com/file/d/11hagtqGoipn5RJECgRoLp3rdsIcio5H5/view?usp=share_link
Pearl Beach Brew Pub (Tulsa),https://drive.google.com/file/d/11hagtqGoipn5RJECgRoLp3rdsIcio5H5/view?usp=share_link
Prairie Artisan Ales,https://drive.google.com/file/d/1H9nrDQeUNRIWk9S601mBFp7wQ-z5eFLK/view?usp=share_link
Renaissance Brewing,https://drive.google.com/file/d/1jsXoFsC3sYPax9X_wAON1pOE0yw9_xDs/view?usp=share_link
Rising Eagle Brewery,https://drive.google.com/file/d/1fz2wzJLQLkhkpOH9EznZ1rO-1fwJQVJy/view?usp=share_link
Rough Day Brewing,https://drive.google.com/file/d/169KkClKSSo9PuddS2lOOq8hxIFLiG63O/view?usp=share_link
Roughtail Brewing,https://drive.google.com/file/d/1sDUiahV3uJRGgO74shMklTUbS7t2qrAe/view?usp=share_link
Scissortail Brewing,https://drive.google.com/file/d/1xJc_eiBGMse2D5cKMbxHloKegGu5_89S/view?usp=share_link
Settlers Brewing,https://drive.google.com/file/d/1oixVHpDA-dVjuW1RoXwitqMpwk2DiQcr/view?usp=share_link
Skydance Brewing,https://drive.google.com/file/d/1AjHQIYpgplZSva_UvcrG5GE2gzlbhyKH/view?usp=share_link
Stonecloud Brewing (OKC),https://drive.google.com/file/d/1TCFa8Abc6l3zd1HErf0P-Y_qbzQhVbqI/view?usp=share_link
Stonecloud Brewing (STW),https://drive.google.com/file/d/1TCFa8Abc6l3zd1HErf0P-Y_qbzQhVbqI/view?usp=share_link
The Big Friendly,https://drive.google.com/file/d/14MzJ-3ExFBcXzA-U0KV5FQoUxaMcWZkz/view?usp=share_link
The Cape Brewing,https://drive.google.com/file/d/1qU_ubWTcPdOlo_ekHBJvohJENRYOcuta/view?usp=share_link
The Nook Brewing,https://drive.google.com/file/d/165AJKnxsIC0qafiqqQffp5EbBbBIt_aj/view?usp=share_link
Vortex Alley (Ponca City),https://drive.google.com/file/d/162BxK0qAdhMGmMgRR8d9OV6csKln3laL/view?usp=share_link
WanderFolk Spirits,https://drive.google.com/file/d/1KuInvg6PdbZ912y8vXYwJ0XVQ46BjgTc/view?usp=drive_link
Welltown Brewing,https://drive.google.com/file/d/1zb_thWgXNUpkX_AETZUpEPtPWsVRaemy/view?usp=share_link
Vortex Alley (Shawnee),https://drive.google.com/file/d/162BxK0qAdhMGmMgRR8d9OV6csKln3laL/view?usp=share_link
The Standard,https://drive.google.com/file/d/132enzHrYyi8jDM0ZU5maWudq3ZjNQgri/view?usp=drive_link
Tiny Bubbles OKC,https://drive.google.com/file/d/1j9gL7Xm6vjdRD3rHLPVPJ1en8Zs-htt8/view?usp=drive_link
Good Cause Brewing,https://drive.google.com/file/d/1S09xRz9j2WNRA_TcfKPbAXXe9K2DIxV1/view?usp=drive_link
[405] Brewing,https://drive.google.com/file/d/1cWFtMLV8TXFY9VKBkgUcCAMbkfrTFtdi/view?usp=drive_link
Alva Beer Co.,https://drive.google.com/file/d/1o-DKMM4IQ7BFY3VeXuCh3C_L6g3e_4Eq/view?usp=drive_link
James Calley Brewing Co.,https://drive.google.com/file/d/16WaskuzcKpW0heALsnbDIPYjk9hvaPlA/view?usp=drive_link
Guthrie Brewing Co.,https://drive.google.com/file/d/1rdClH41nDuvZelYnnrjr8pAJTfBAn6o3/view?usp=drive_link
The Patriarch,https://drive.google.com/file/d/11XX8yCzPAH_sS5M6nn90GENR0PSC5sbP/view?usp=drive_link
Social Capital,https://drive.google.com/file/d/1WPGyNUbKgNimw3xZk4UQuqRL-wYoWuzR/view?usp=drive_link
SOB Brewing,https://drive.google.com/file/d/1gLctg0dXec_SHqtxykUzvzFn9xo7qAPL/view?usp=drive_link
New Story Brewing,https://drive.google.com/file/d/1N9-EeOCSMB0iT0DFLwqXrlmWdpQ7SWna/view?usp=drive_link
Shop Dog Brewing Co.,https://drive.google.com/file/d/1qH_Bb4C71LtoehSBHEAWXm9rCwqSPfKO/view?usp=drive_link